{
  "WindowTop": 168,
  "WindowLeft": 248,
  "WindowWidth": 1467,
  "WindowHeight": 800,
  "IsLogVisible": true,
  "LogHeight": 454.9999999999918,
  "TimeScale": 11.011235955056183
}