{
  "WindowTop": 190,
  "WindowLeft": 285,
  "WindowWidth": 1467,
  "WindowHeight": 800,
  "IsLogVisible": true,
  "LogHeight": 450.999999999996,
  "TimeScale": 11.011235955056183
}