{
  "WindowTop": 213,
  "WindowLeft": 230,
  "WindowWidth": 1502,
  "WindowHeight": 800,
  "IsLogVisible": true,
  "LogHeight": 454.9999999999918,
  "TimeScale": 11.011235955056183
}